{"website": "null", "delay": 234, "Tag name": 0, "Check Changes": 0, "Background": 0, "x": 0, "y": 0, "w": 0, "h": 0, "file path": 0, "mouse": [[1051, 533, 1674590390.4679186], [1050, 533, 1674590390.4769208], [1047, 533, 1674590390.4859228], [1043, 533, 1674590390.4939246], [1030, 533, 1674590390.5028255], [1016, 533, 1674590390.51183], [1006, 533, 1674590390.520832], [988, 533, 1674590390.528834], [971, 533, 1674590390.5378377], [953, 533, 1674590390.546842], [895, 534, 1674590390.555844], [866, 534, 1674590390.5642643], [849, 534, 1674590390.573266], [821, 533, 1674590390.5821059], [792, 533, 1674590390.5911083], [762, 531, 1674590390.59911], [724, 527, 1674590390.608112], [711, 523, 1674590390.6171138], [701, 520, 1674590390.625116], [686, 514, 1674590390.6341188], [679, 511, 1674590390.6431198], [672, 504, 1674590390.6521218], [670, 502, 1674590390.6601238], [670, 501, 1674590390.6691098], [670, 499, 1674590390.6781137], [669, 497, 1674590390.6871157], [669, 495, 1674590390.6957464], [668, 492, 1674590390.7036588], [665, 485, 1674590390.7126539], [664, 482, 1674590390.7216098], [662, 477, 1674590390.730611], [658, 472, 1674590390.7391372], [656, 469, 1674590390.7481408], [653, 464, 1674590390.7571433], [651, 462, 1674590390.765145], [649, 460, 1674590390.7741468], [649, 459, 1674590390.7831492], [648, 458, 1674590390.7921507], [647, 457, 1674590390.8001525], [646, 455, 1674590390.8091547], [645, 455, 1674590390.8181567], [645, 454, 1674590390.8271587], [644, 454, 1674590390.8351607], [644, 453, 1674590390.844165]], "currentHash": 1}